{"cameraMode":{"drawMode":0,"name":"Shaded","section":"Shading Mode"},"sceneLighting":false,"audioPlay":false,"sceneViewState":{"showFog":true,"showMaterialUpdate":false,"showSkybox":true,"showFlares":true,"showImageEffects":true,"showParticleSystems":true},"in2DMode":false,"pivot":{"x":0.004780292510986328,"y":1.0347063541412354,"z":0.07594238966703415},"rotation":{"x":-0.33495670557022097,"y":-0.1994776874780655,"z":0.07271064072847367,"w":-0.9180545210838318},"size":4.415402889251709,"orthographic":false}