{"cameraMode":{"drawMode":0,"name":"Shaded","section":"Shading Mode"},"sceneLighting":false,"audioPlay":false,"sceneViewState":{"showFog":true,"showMaterialUpdate":false,"showSkybox":false,"showFlares":true,"showImageEffects":true,"showParticleSystems":true},"in2DMode":false,"pivot":{"x":0.0,"y":0.8625575304031372,"z":-0.06515046954154968},"rotation":{"x":-0.047005027532577518,"y":0.9494015574455261,"z":-0.17306557297706605,"w":-0.257853239774704},"size":2.3829617500305177,"orthographic":false}